gnd,country,pctile,highlight,le_raceadj,le_raceadj_rank
F,Sierra Leone,,1,66.772469,1
F,Lesotho,,0,67.560303,2
F,Swaziland,,0,67.97084,3
F,Cote d'Ivoire,,0,68.954697,4
F,Chad,,0,69.031143,5
F,Central African Republic,,0,69.110802,6
F,Mozambique,,0,69.12513,7
F,Guinea-Bissau,,0,70.244881,8
F,Nigeria,,0,70.570526,9
F,Democratic Republic of the Congo,,0,70.799507,10
F,Angola,,0,70.837288,11
F,Cameroon,,0,70.902283,12
F,Mali,,0,71.173523,13
F,South Sudan,,0,71.239929,14
F,Equatorial Guinea,,0,71.324417,15
F,Burkina Faso,,0,71.410446,16
F,Burundi,,0,71.486237,17
F,Somalia,,0,71.705009,18
F,Uganda,,0,71.806366,19
F,Papua New Guinea,,0,71.861557,20
F,Niger,,0,71.883049,21
F,Malawi,,0,71.891869,22
F,Guyana,,0,71.944519,23
F,Togo,,0,72.089539,24
F,Guinea,,0,72.148399,25
F,Benin,,0,72.199265,26
F,Liberia,,0,72.334564,27
F,Eritrea,,0,72.466125,28
F,Zambia,,1,72.482956,29
F,Comoros,,0,72.498474,30
F,Afghanistan,,0,72.50563,31
F,Tonga,,0,72.538574,32
F,Djibouti,,0,72.682411,33
F,Congo,,0,72.705154,34
F,Turkmenistan,,0,72.878578,35
F,Botswana,,0,73.070145,36
F,Gambia,,0,73.124359,37
F,Yemen,,0,73.174049,38
F,South Africa,,0,73.285439,39
F,Zimbabwe,,0,73.323631,40
F,Haiti,,0,73.486259,41
F,Senegal,,0,73.558571,42
F,Ghana,,0,73.693222,43
F,Madagascar,,0,73.718643,44
F,Mauritania,,0,73.75396,45
F,Myanmar,,0,73.992355,46
F,Kenya,,0,74.04953,47
F,United Republic of Tanzania,,0,74.08342,48
F,Sudan,,1,74.150986,49
F,Gabon,,0,74.18074,50
F,Tuvalu,,0,74.182648,51
F,Tajikistan,,0,74.302399,52
F,Timor-Leste,,0,74.564911,53
F,Solomon Islands,,0,74.626862,54
F,Pakistan,,1,74.717606,55
F,Nepal,,0,74.734314,56
F,Mongolia,,0,74.741211,57
F,Lao People's Democratic Republic,,0,74.762955,58
F,Bhutan,,0,74.908417,59
F,Micronesia (Federated States of),,0,74.917549,60
F,Rwanda,,0,74.997002,61
F,India,,1,75.044235,62
F,Ethiopia,,0,75.159859,63
F,Kazakhstan,,0,75.201935,64
F,Uzbekistan,,0,75.462997,65
F,Sao Tome and Principe,,0,75.607719,66
F,Fiji,,0,75.69619,67
F,Kiribati,,0,75.697906,68
F,Namibia,,0,75.722618,69
F,Philippines,,0,75.964088,70
F,Bolivia (Plurinational State of),,0,75.971352,71
F,Kyrgyzstan,,0,76.220734,72
F,Indonesia,,0,76.305786,73
F,Morocco,,0,76.315842,74
F,Egypt,,0,76.318085,75
F,Bangladesh,,0,76.320297,76
F,Algeria,,0,76.326477,77
F,Republic of Moldova,,0,76.74202,78
F,Vanuatu,,0,76.807175,79
F,Armenia,,0,77.09137,80
F,Trinidad and Tobago,,0,77.126518,81
F,Democratic People's Republic of Korea,,0,77.146721,82
F,Iraq,,1,77.225586,83
F,Palau,,0,77.227921,84
F,Marshall Islands,,0,77.382462,85
F,Russian Federation,,0,77.498329,86
F,Ukraine,,0,77.64447,87
F,Malaysia,,0,77.842781,88
F,Albania,,0,77.883286,89
F,Jordan,,0,78.055115,90
F,Dominican Republic,,0,78.168686,91
F,Serbia,,0,78.384674,92
F,Azerbaijan,,0,78.411545,93
F,Iran (Islamic Republic of),,0,78.610275,94
F,United States - P1,1,,78.783836,95
F,The former Yugoslav republic of Macedonia,,0,78.797981,96
F,China,,1,78.833755,97
F,Niue,,0,78.920654,98
F,Dominica,,0,78.974541,99
F,United Arab Emirates,,0,79.009384,100
F,Saint Kitts and Nevis,,0,79.02993,101
F,Samoa,,0,79.09304,102
F,Saint Vincent and the Grenadines,,0,79.166458,103
F,Belarus,,0,79.17292,104
F,Saudi Arabia,,0,79.255585,105
F,Libya,,1,79.322083,106
F,Montenegro,,0,79.378372,107
F,Antigua and Barbuda,,0,79.462311,108
F,Bahrain,,0,79.573013,109
F,Grenada,,0,79.617798,110
F,Nicaragua,,0,79.637207,111
F,Bulgaria,,0,79.671738,112
F,Romania,,0,79.75248,113
F,El Salvador,,0,79.75769,114
F,Hungary,,0,79.793564,115
F,Brunei Darussalam,,0,79.799408,116
F,Guatemala,,0,79.866341,117
F,Mauritius,,0,79.923065,118
F,Kuwait,,0,79.99575,119
F,Maldives,,0,80.015457,120
F,Latvia,,0,80.09288,121
F,Georgia,,0,80.096664,122
F,Tunisia,,0,80.139633,123
F,Syrian Arab Republic,,0,80.200485,124
F,Mexico,,0,80.233826,125
F,Sri Lanka,,0,80.24823,126
F,Oman,,0,80.290314,127
F,Jamaica,,0,80.300781,128
F,Cook Islands,,0,80.347321,129
F,Cabo Verde,,0,80.58342,130
F,Lithuania,,0,80.60923,131
F,Qatar,,0,80.61364,132
F,Bosnia and Herzegovina,,0,80.629341,133
F,Seychelles,,0,80.661469,134
F,Paraguay,,0,80.662766,135
F,Honduras,,0,80.751785,136
F,Belize,,0,80.822617,137
F,Brazil,,0,80.932961,138
F,Bahamas,,0,81.044586,139
F,Thailand,,0,81.08149,140
F,Cambodia,,0,81.100121,141
F,Slovakia,,0,81.16243,142
F,Cuba,,0,81.214935,143
F,Turkey,,0,81.316849,144
F,Saint Lucia,,0,81.320663,145
F,Ecuador,,0,81.544937,146
F,Peru,,0,81.603539,147
F,Argentina,,0,81.61866,148
F,Poland,,0,81.915604,149
F,Czech Republic,,0,82.04808,150
F,Croatia,,0,82.252258,151
F,Venezuela (Bolivarian Republic of),,0,82.29261,152
F,Uruguay,,0,82.46273,153
F,United States of America,,0,82.47905,154
F,Denmark,,0,82.631149,155
F,Estonia,,0,82.722481,156
F,Suriname,,0,82.855515,157
F,Costa Rica,,0,82.99118,158
F,Viet Nam,,0,83.012726,159
F,Panama,,0,83.089691,160
F,Malta,,0,83.130562,161
F,Barbados,,0,83.224091,162
F,United States - P25,25,,83.345512,163
F,Colombia,,0,83.409248,164
F,Lebanon,,0,83.472626,165
F,Belgium,,0,83.82399,166
F,United Kingdom,,1,83.86351,167
F,Netherlands,,0,83.903389,168
F,Germany,,0,84.011017,169
F,Slovenia,,0,84.14505,170
F,Chile,,0,84.20681,171
F,Ireland,,0,84.208084,172
F,San Marino,,0,84.226959,173
F,Sweden,,0,84.291061,174
F,Norway,,0,84.49189,175
F,Finland,,0,84.606979,176
F,Cyprus,,0,84.675529,177
F,Austria,,0,84.722885,178
F,Iceland,,0,84.726425,179
F,Greece,,0,84.784653,180
F,New Zealand,,0,84.793747,181
F,Luxembourg,,0,84.802444,182
F,Canada,,1,84.990005,183
F,Israel,,0,85.002281,184
F,Portugal,,0,85.008163,185
F,United States - P50,50,,85.019531,186
F,Nauru,,0,85.57901,187
F,Republic of Korea,,0,85.593246,188
F,Australia,,0,85.70002,189
F,Singapore,,0,85.77272,190
F,Italy,,0,85.871796,191
F,France,,0,85.977158,192
F,Switzerland,,0,85.980949,193
F,Monaco,,0,86.228317,194
F,Andorra,,0,86.280518,195
F,Spain,,0,86.367905,196
F,Japan,,1,87.972824,197
F,United States - P100,100,,88.87484,198
