gnd,racegrp,agebin,l_mortrate
M,Other aka White,42,-5.9613366
M,Black non-Hispanic,42,-5.140172
M,Hispanic,42,-6.0852489
M,Asian non-Hispanic,42,-6.2189112
M,Other aka White,47,-5.5583224
M,Black non-Hispanic,47,-5.223702
M,Hispanic,47,-5.7917399
M,Asian non-Hispanic,47,-6.0205646
M,Other aka White,52,-5.1094484
M,Black non-Hispanic,52,-4.7366519
M,Hispanic,52,-5.3491488
M,Asian non-Hispanic,52,-5.5657907
M,Other aka White,57,-4.6825433
M,Black non-Hispanic,57,-4.3362927
M,Hispanic,57,-5.0743113
M,Asian non-Hispanic,57,-5.5200462
M,Other aka White,62,-4.1863971
M,Black non-Hispanic,62,-3.8738139
M,Hispanic,62,-4.6983666
M,Asian non-Hispanic,62,-4.8919005
M,Other aka White,67,-3.7885015
M,Black non-Hispanic,67,-3.6532919
M,Hispanic,67,-4.2563133
M,Asian non-Hispanic,67,-4.1933718
