gnd,country,pctile,highlight,le_raceadj,le_raceadj_rank
M,Lesotho,,1,63.741199,1
M,South Africa,,0,65.833061,2
M,Sierra Leone,,0,65.895416,3
M,Swaziland,,0,65.909286,4
M,Guyana,,0,66.451759,5
M,Chad,,0,66.985977,6
M,Guinea-Bissau,,0,67.464294,7
M,Turkmenistan,,0,67.576218,8
M,Central African Republic,,0,67.585442,9
M,Papua New Guinea,,0,67.712448,10
M,Mozambique,,0,67.776337,11
M,Russian Federation,,0,67.878464,12
M,Kazakhstan,,0,67.903778,13
M,Cote d'Ivoire,,0,67.972359,14
M,Eritrea,,0,68.238129,15
M,Mongolia,,0,68.571899,16
M,Belarus,,0,68.601181,17
M,Democratic Republic of the Congo,,0,68.6334,18
M,Malawi,,0,68.906174,19
M,Angola,,0,68.923111,20
M,Uganda,,0,69.187485,21
M,Burundi,,0,69.265831,22
M,Nigeria,,0,69.312851,23
M,Equatorial Guinea,,0,69.333427,24
M,Cameroon,,0,69.376282,25
M,Ukraine,,0,69.412903,26
M,Republic of Moldova,,0,69.561722,27
M,Burkina Faso,,0,69.619362,28
M,South Sudan,,0,69.728943,29
M,Somalia,,0,69.747581,30
M,Zimbabwe,,0,69.786942,31
M,Zambia,,1,69.900894,32
M,Benin,,0,70.095879,33
M,Comoros,,0,70.137726,34
M,Liberia,,0,70.206268,35
M,Djibouti,,0,70.257355,36
M,Philippines,,0,70.282219,37
M,Tuvalu,,0,70.303368,38
M,Armenia,,0,70.318893,39
M,Kyrgyzstan,,0,70.361168,40
M,Togo,,0,70.389786,41
M,Afghanistan,,0,70.465591,42
M,Mali,,0,70.538788,43
M,Fiji,,0,70.749878,44
M,Democratic People's Republic of Korea,,0,70.790382,45
M,Guinea,,0,70.794678,46
M,Yemen,,0,70.803177,47
M,Congo,,0,70.844376,48
M,Niger,,0,70.897102,49
M,Botswana,,0,71.135162,50
M,Senegal,,0,71.158409,51
M,Gambia,,0,71.190178,52
M,Myanmar,,0,71.251343,53
M,Lithuania,,0,71.401886,54
M,India,,1,71.438179,55
M,United Republic of Tanzania,,0,71.47583,56
M,Trinidad and Tobago,,0,71.486038,57
M,Haiti,,0,71.489082,58
M,Madagascar,,0,71.49099,59
M,Mauritania,,0,71.501839,60
M,Uzbekistan,,0,71.66713,61
M,Latvia,,0,71.681511,62
M,Kenya,,0,71.736328,63
M,Iraq,,1,71.775391,64
M,Sudan,,1,71.868462,65
M,Gabon,,0,71.917221,66
M,Timor-Leste,,0,72.175842,67
M,Ghana,,0,72.188881,68
M,Egypt,,0,72.216003,69
M,Kiribati,,0,72.22776,70
M,Solomon Islands,,0,72.327271,71
M,Seychelles,,0,72.469574,72
M,Lao People's Democratic Republic,,0,72.510818,73
M,Grenada,,0,72.552963,74
M,Nepal,,0,72.666855,75
M,United States - P1,1,,72.742783,76
M,Hungary,,0,72.845963,77
M,Rwanda,,0,72.98008,78
M,Namibia,,0,73.024887,79
M,Micronesia (Federated States of),,0,73.032333,80
M,Romania,,0,73.05294,81
M,Samoa,,0,73.065933,82
M,Bolivia (Plurinational State of),,0,73.092865,83
M,Ethiopia,,0,73.203644,84
M,Indonesia,,0,73.300217,85
M,Pakistan,,1,73.391724,86
M,Bulgaria,,0,73.419647,87
M,Morocco,,0,73.464294,88
M,Sao Tome and Principe,,0,73.53624,89
M,Niue,,0,73.616119,90
M,Mauritius,,0,73.683105,91
M,Algeria,,0,73.691368,92
M,Serbia,,0,73.715057,93
M,Saint Kitts and Nevis,,0,73.717834,94
M,Vanuatu,,0,73.734894,95
M,Azerbaijan,,0,73.828011,96
M,Tajikistan,,0,73.836227,97
M,Georgia,,0,73.875229,98
M,Palau,,0,73.898911,99
M,Marshall Islands,,0,74.048264,100
M,Estonia,,0,74.147125,101
M,Slovakia,,0,74.306503,102
M,Cabo Verde,,0,74.386909,103
M,Poland,,0,74.448944,104
M,Malaysia,,0,74.450775,105
M,Sri Lanka,,0,74.605492,106
M,Bangladesh,,0,74.608795,107
M,Bhutan,,0,74.760086,108
M,El Salvador,,0,74.793015,109
M,Thailand,,0,75.087479,110
M,The former Yugoslav republic of Macedonia,,0,75.122833,111
M,Jordan,,0,75.144272,112
M,Montenegro,,0,75.197876,113
M,Viet Nam,,0,75.332741,114
M,Dominica,,0,75.367386,115
M,Belize,,0,75.532478,116
M,Saint Lucia,,0,75.540833,117
M,Nicaragua,,0,75.560501,118
M,Syrian Arab Republic,,0,75.717285,119
M,Bahamas,,0,75.719147,120
M,Albania,,0,75.76683,121
M,Guatemala,,0,75.835129,122
M,Libya,,1,75.845551,123
M,Brazil,,0,75.848846,124
M,Argentina,,0,75.856918,125
M,Turkey,,0,75.87291,126
M,Uruguay,,0,76.008949,127
M,Tonga,,0,76.048721,128
M,Croatia,,0,76.148689,129
M,Paraguay,,0,76.161224,130
M,Saint Vincent and the Grenadines,,0,76.167061,131
M,Antigua and Barbuda,,0,76.176163,132
M,China,,1,76.186188,133
M,Saudi Arabia,,0,76.227066,134
M,Bosnia and Herzegovina,,0,76.336014,135
M,Jamaica,,0,76.33609,136
M,Cook Islands,,0,76.523491,137
M,Iran (Islamic Republic of),,0,76.531677,138
M,Czech Republic,,0,76.5355,139
M,Mexico,,0,76.67897,140
M,Tunisia,,0,76.882034,141
M,Oman,,0,76.954758,142
M,Honduras,,0,77.124466,143
M,Brunei Darussalam,,0,77.610626,144
M,Cambodia,,0,77.656555,145
M,Dominican Republic,,0,77.699387,146
M,United Arab Emirates,,0,77.738846,147
M,Suriname,,0,77.810394,148
M,Nauru,,0,77.819382,149
M,Venezuela (Bolivarian Republic of),,0,77.931854,150
M,Bahrain,,0,78.10643,151
M,Cuba,,0,78.11718,152
M,Ecuador,,0,78.22628,153
M,Slovenia,,0,78.348961,154
M,Maldives,,0,78.366631,155
M,United States - P25,25,,78.481789,156
M,Barbados,,0,78.508087,157
M,United States of America,,0,78.634232,158
M,Denmark,,0,78.91983,159
M,Portugal,,0,79.001038,160
M,Peru,,0,79.025635,161
M,Panama,,0,79.111641,162
M,Finland,,0,79.162338,163
M,Lebanon,,0,79.320847,164
M,Belgium,,0,79.33847,165
M,Chile,,0,79.387802,166
M,Republic of Korea,,0,79.518326,167
M,Germany,,0,79.698341,168
M,Austria,,0,79.799454,169
M,Kuwait,,0,79.910049,170
M,Costa Rica,,0,79.929878,171
M,Colombia,,0,80.112579,172
M,France,,0,80.118378,173
M,Monaco,,0,80.210922,174
M,Greece,,0,80.261139,175
M,United Kingdom,,1,80.378906,176
M,Netherlands,,0,80.399529,177
M,Andorra,,0,80.405594,178
M,Malta,,0,80.510864,179
M,Ireland,,0,80.56179,180
M,Spain,,0,80.74556,181
M,Qatar,,0,80.77018,182
M,Luxembourg,,0,80.860771,183
M,Norway,,0,80.888481,184
M,Sweden,,0,80.943726,185
M,Canada,,1,81.310776,186
M,Cyprus,,0,81.315735,187
M,Singapore,,0,81.370407,188
M,Japan,,0,81.397736,189
M,Italy,,0,81.483154,190
M,Israel,,0,81.635635,191
M,United States - P50,50,,81.688477,192
M,Iceland,,0,81.700043,193
M,Australia,,0,81.846008,194
M,Switzerland,,0,81.928322,195
M,New Zealand,,0,82.00946,196
M,San Marino,,1,83.219208,197
M,United States - P100,100,,87.33625,198
