varname,varlabel,mean,corr_Mq1,corr_Fq1,corr_Mq4,corr_Fq4
cur_smoke_q,Smoking Rate in Corresponding Quantile,,-.58555007,-.49465567,-.27111036,-.18332341
bmi_obese_q,Obesity Rate in Corresponding Quantile,,-.436744,-.31365153,-.30572984,-.15016374
exercise_any_q,Exercise Rate in Corresponding Quantile,,.33057484,.19293447,.37026697,.25036144
puninsured2010,% Uninsured,17.455086,.065579154,.077752098,-.31405354,-.29048908
reimb_penroll_adj10,Medicare $ per Enrollee,9650.6592,-.097693302,.0017292004,-.37140334,-.32024613
mort_30day_hosp_z,30-day Hospital Mortality Rate Index,-.046327863,-.28305611,-.24347246,-.18709323,-.078275956
adjmortmeas_amiall30day,30-day Mortality for Heart Attacks,.15383244,-.29730865,-.25070605,-.2231116,-.14244559
adjmortmeas_chfall30day,30-day Mortality for Pneumonia,.099981062,-.20084827,-.20017229,.024604149,.10758677
adjmortmeas_pnall30day,30-day Mortality for Heart Failure,.11965802,-.19637965,-.14627993,-.26182508,-.16117966
med_prev_qual_z,Index for Preventive Care,.023518901,.06951116,.12043577,.40867847,.4380354
primcarevis_10,% with at least 1 Primary Care Visit,77.393646,-.50984865,-.36948517,.011755096,.20651628
diab_hemotest_10,% Diabetic with Hemoglobin Test,83.660927,-.0046368316,.057327285,.26901171,.31066725
diab_eyeexam_10,% Diabetic with Eye Exam,67.2351,.22471441,.27460569,.36473536,.35513169
diab_lipids_10,% Diabetic with Lipids Test,80.900589,.22391847,.26076612,.10911158,.10188658
mammogram_10,% Female Ages 67-69 with Mammogram,65.035637,-.0063805277,.046664372,.40481049,.46060258
amb_disch_per1000_10,Discharges for Amb. Care Sensitive Conds.,64.25589,-.37910622,-.21848306,-.45231685,-.27299827
cs00_seg_inc,Income Segregation,.079019375,.18412533,.056367483,.19926855,.01547219
cs00_seg_inc_pov25,Segregation of Poverty (<p25),.069308177,.074807838,-.021302612,.18802503,.023444386
cs00_seg_inc_aff75,Segregation of Affluence (>p75),.086847357,.24368364,.10241672,.20433179,.023025887
cs_race_theil_2000,Racial Segregation,.18905611,.095354781,.09787304,-.059843127,-.13633174
gini99,Gini Index (Within Bottom 99%),.46063471,.27655944,.28036016,.029608896,-.096092701
poor_share,Poverty Rate,.12189545,-.0084543768,.038796589,-.29390627,-.26861283
inc_share_1perc,Top 1% Income Share,.144609,.4328745,.35741842,.22883478,.040096149
frac_middleclass,Fraction Middle Class (between p25 and p75),.49005967,-.38034964,-.30123937,-.083973862,.040883359
scap_ski90pcm,Index for Social Capital,-.45010325,-.14228602,-.18113339,.38462627,.37687838
rel_tot,% Religious,49.927322,.091506392,.13077249,.060664441,.0659623
cs_frac_black,% Black,12.241202,-.14087196,-.01139151,-.1471502,-.11361978
cs_frac_hisp,% Hispanic,13.065785,.3967596,.24839045,-.19477479,-.29757541
unemp_rate,Unemployment Rate in 2000,.047908984,.03075204,.034968033,-.34628817,-.28433716
pop_d_2000_1980,"% Change in Population, 1980-2000",.34461281,.1905396,.11259515,.014204439,.00057053799
lf_d_2000_1980,"% Change in Labor Force, 1980-2000",.41070625,.13124441,.08564321,.051302705,.066989839
cs_labforce,Labor Force Participation,.64294004,.02557227,-.083615571,.36191377,.28914502
cs_elf_ind_man,Share Working in Manufacturing,.13786827,-.27648488,-.16509521,-.11348212,.017291427
cs_born_foreign,% Immigrants,11.671731,.6865558,.54471183,-.055371504,-.26225024
mig_inflow,Migration Inflow Rate,.038206812,.041133765,-.016307985,.097183838,.088859767
mig_outflow,Migration Outflow Rate,.037591349,.25230172,.14081544,.17341176,.068797715
pop_density,Population Density,2271.2002,.31863675,.2841967,.034278769,-.053426333
frac_traveltime_lt15,Fraction with Commute < 15 Mins,.28611678,-.33190036,-.27909037,.058781967,.18232591
hhinc00,Mean Household Income,40020.012,.39786923,.28293011,.37792125,.2283448
median_house_value,Median House Value,189790.58,.58262122,.44148773,.25015959,.029519111
ccd_exp_tot,School Expenditure per Student,6.442831,.27904415,.23729563,.24369557,.17941658
ccd_pup_tch_ratio,Student Teacher Ratio,18.895996,.41626018,.24325189,-.0035227437,-.20948192
score_r,Test Score Percentile (income adjusted),-5.9987812,-.26396289,-.15929289,.051090118,.21510868
dropout_r,High School Dropout Rate (income adjusted),.012308109,.021293635,.0066208253,-.041815396,-.1078875
cs_educ_ba,% College Grads,25.107843,.47352785,.33602694,.50978827,.3016656
tuition,College Tuition,6176.3325,.070574291,.10431407,.1642825,.13732763
gradrate_r,College Graduation Rate (income adjusted),.0094429934,.07231421,.086673297,.2617231,.17298533
e_rank_b,Absolute Upward Mobility,44.327171,.29901716,.20285003,.15225324,.11746938
cs_fam_wkidsinglemom,Fraction of Children with Single Mothers,.22285761,-.18894288,-.10613289,-.13349237,-.1200939
crime_total,Total Crime Rate,.0078019705,-.064844266,-.093211636,-.066777743,-.10469005
subcty_exp_pc,Local Government Expenditures,2548.623,.23709099,.10326672,.17251024,.0060546226
taxrate,Local Tax Rate,.024239264,.05011886,-.016633427,.15365596,.097574137
tax_st_diff_top20,Tax Progressivity,1.4519757,.34991843,.20979193,-.032340903,-.17341995
bmi_obese_q1,,.2781311,,,,
bmi_obese_q4,,.19883919,,,,
cur_smoke_q1,,.26114762,,,,
cur_smoke_q4,,.12539804,,,,
exercise_any_q1,,.6156987,,,,
exercise_any_q4,,.86579573,,,,
