gnd,racegrp,agebin,l_mortrate
F,Other aka White,42,-6.4331899
F,Black non-Hispanic,42,-6.0055623
F,Hispanic,42,-6.6882424
F,Asian non-Hispanic,42,-6.7222991
F,Other aka White,47,-6.1309924
F,Black non-Hispanic,47,-5.6263938
F,Hispanic,47,-6.3256688
F,Asian non-Hispanic,47,-6.2384682
F,Other aka White,52,-5.6711807
F,Black non-Hispanic,52,-5.3242989
F,Hispanic,52,-5.9373236
F,Asian non-Hispanic,52,-6.3191547
F,Other aka White,57,-5.1608067
F,Black non-Hispanic,57,-4.7425151
F,Hispanic,57,-5.8247576
F,Asian non-Hispanic,57,-5.8513689
F,Other aka White,62,-4.6926341
F,Black non-Hispanic,62,-4.4560437
F,Hispanic,62,-5.1520033
F,Asian non-Hispanic,62,-5.1837187
F,Other aka White,67,-4.2980604
F,Black non-Hispanic,67,-4.0340643
F,Hispanic,67,-4.8894367
F,Asian non-Hispanic,67,-5.0807271
