varname,varlabel,mean,corr_Mq1,corr_Fq1,corr_Mq4,corr_Fq4
cur_smoke_q,Smoking Rate in Corresponding Quantile,,-.69775438,-.60436082,-.34138417,-.23798935
bmi_obese_q,Obesity Rate in Corresponding Quantile,,-.52533782,-.33889064,-.37321872,-.12382117
exercise_any_q,Exercise Rate in Corresponding Quantile,,.38996202,.18438736,.47296768,.34214556
puninsured2010,% Uninsured,17.471735,.089775883,.096044891,-.40164664,-.37446734
reimb_penroll_adj10,Medicare $ per Enrollee,9617.4639,-.12753546,-.03003818,-.47134358,-.40056032
mort_30day_hosp_z,30-day Hospital Mortality Rate Index,-.0044086464,-.31775567,-.25801072,-.25360444,-.081191428
adjmortmeas_amiall30day,30-day Mortality for Heart Attacks,.15499111,-.35826305,-.30140042,-.33128187,-.17635155
adjmortmeas_chfall30day,30-day Mortality for Pneumonia,.10058059,-.24402846,-.23775885,.025184724,.16622919
adjmortmeas_pnall30day,30-day Mortality for Heart Failure,.12010471,-.19925103,-.11200568,-.33398387,-.19585578
med_prev_qual_z,Index for Preventive Care,.0051795985,.020167792,.092446618,.47276276,.50746334
primcarevis_10,% with at least 1 Primary Care Visit,77.812401,-.64129853,-.47876343,-.050979707,.2198125
diab_hemotest_10,% Diabetic with Hemoglobin Test,83.762634,-.0907645,.0054313089,.34564677,.41884732
diab_eyeexam_10,% Diabetic with Eye Exam,67.212029,.21146341,.26457903,.42948085,.45144665
diab_lipids_10,% Diabetic with Lipids Test,80.864021,.21062374,.27466053,.15672262,.099979058
mammogram_10,% Female Ages 67-69 with Mammogram,65.023888,-.027103631,.056536835,.4427641,.50650871
amb_disch_per1000_10,Discharges for Amb. Care Sensitive Conds.,65.551445,-.42302388,-.24002531,-.49145171,-.24753055
cs00_seg_inc,Income Segregation,.088968769,.3217501,.15881889,.15524216,-.10798331
cs00_seg_inc_pov25,Segregation of Poverty (<p25),.078781568,.24505824,.10412648,.16669948,-.074054003
cs00_seg_inc_aff75,Segregation of Affluence (>p75),.096948326,.35382134,.18295911,.14503348,-.12467643
cs_race_theil_2000,Racial Segregation,.23672216,.08182475,.075674906,-.086381108,-.13274358
gini99,Gini Index (Within Bottom 99%),.32517132,.15344164,.25174773,-.32627764,-.32905546
poor_share,Poverty Rate,.12360752,.068199508,.1315085,-.40988597,-.37083498
inc_share_1perc,Top 1% Income Share,.15233532,.61138099,.51325727,.12741295,-.10180708
frac_middleclass,Fraction Middle Class (between p25 and p75),.49541792,-.33706635,-.30083069,.12873304,.28421003
scap_ski90pcm,Index for Social Capital,-.42150554,-.23621573,-.27837878,.36843017,.45154706
rel_tot,% Religious,50.152237,.09721069,.13322908,-.040158488,.071477793
cs_frac_black,% Black,12.126723,-.14138611,.065847158,-.19412512,-.11339806
cs_frac_hisp,% Hispanic,12.561103,.48256385,.3025794,-.19940239,-.39390439
unemp_rate,Unemployment Rate in 2000,.047838878,.10867639,.099706434,-.3595632,-.30041999
pop_d_2000_1980,"% Change in Population, 1980-2000",.29658231,.19632603,.098956876,.015939532,-.08525037
lf_d_2000_1980,"% Change in Labor Force, 1980-2000",.35796595,.10294035,.052870233,.093157537,.044963814
cs_labforce,Labor Force Participation,.6396215,-.022691065,-.15150574,.42474648,.33782539
cs_elf_ind_man,Share Working in Manufacturing,.14048906,-.34135267,-.21637774,-.12602572,.077394724
cs_born_foreign,% Immigrants,11.103074,.76008832,.58656591,-.043860108,-.33490539
mig_inflow,Migration Inflow Rate,.0201336,-.010232527,-.042268343,.071530208,.035244346
mig_outflow,Migration Outflow Rate,.020109141,.35137931,.24146239,.1265633,-.069168739
pop_density,Population Density,649.54553,.47910988,.43730855,.074049622,-.020692484
frac_traveltime_lt15,Fraction with Commute < 15 Mins,.29306489,-.33147746,-.28386921,-.013425495,.18933079
hhinc00,Mean Household Income,39483.207,.40009996,.26744527,.34095848,.12554047
median_house_value,Median House Value,179657.31,.71326619,.52570117,.25696138,-.10218918
ccd_exp_tot,School Expenditure per Student,6.3926172,.29385453,.24835189,.30173317,.21872546
ccd_pup_tch_ratio,Student Teacher Ratio,18.623405,.45767072,.26792815,.019298041,-.25993028
score_r,Test Score Percentile (income adjusted),-3.5526383,-.33217365,-.2096827,.20385341,.42645031
dropout_r,High School Dropout Rate (income adjusted),.0058714254,.057615474,.081624642,-.097684175,-.15207428
cs_educ_ba,% College Grads,24.398134,.47595468,.31044114,.49511331,.20842431
tuition,College Tuition,5986.8169,.13716926,.17126611,.21260785,.1904556
gradrate_r,College Graduation Rate (income adjusted),-.023693312,-.045650277,.048364718,.21707834,.25588065
e_rank_b,Absolute Upward Mobility,41.59705,.4172864,.25932381,.20472437,.088891469
cs_fam_wkidsinglemom,Fraction of Children with Single Mothers,.21911784,-.15376443,.015151398,-.20129246,-.1378167
crime_total,Total Crime Rate,.0076489951,.027281957,-.020616643,-.098794207,-.14262585
subcty_exp_pc,Local Government Expenditures,2586.1006,.62788731,.42497906,.18169697,-.097888112
taxrate,Local Tax Rate,.024775166,.32741314,.23173463,.18947259,.082481019
tax_st_diff_top20,Tax Progressivity,1.4139816,.44511476,.30031636,.0015893672,-.20761645
bmi_obese_q1,,.28327513,,,,
bmi_obese_q4,,.19812019,,,,
cur_smoke_q1,,.26514953,,,,
cur_smoke_q4,,.12372363,,,,
exercise_any_q1,,.61241275,,,,
exercise_any_q4,,.86776763,,,,
