cz,gnd,hh_inc_v,le_raceadj,czname
11600,F,1,78.427505,Detroit
11600,F,2,80.076141,Detroit
11600,F,3,80.629143,Detroit
11600,F,4,81.334953,Detroit
11600,F,5,81.556168,Detroit
11600,F,6,82.863083,Detroit
11600,F,7,83.236244,Detroit
11600,F,8,83.883835,Detroit
11600,F,9,84.258705,Detroit
11600,F,10,84.580627,Detroit
11600,F,11,85.081085,Detroit
11600,F,12,85.608833,Detroit
11600,F,13,85.365128,Detroit
11600,F,14,86.02404,Detroit
11600,F,15,86.112167,Detroit
11600,F,16,86.230804,Detroit
11600,F,17,86.771004,Detroit
11600,F,18,86.953178,Detroit
11600,F,19,87.72596,Detroit
11600,F,20,88.643631,Detroit
19400,F,1,83.598282,New York City
19400,F,2,84.560326,New York City
19400,F,3,83.973763,New York City
19400,F,4,84.024422,New York City
19400,F,5,84.364716,New York City
19400,F,6,84.23204,New York City
19400,F,7,84.52774,New York City
19400,F,8,84.574249,New York City
19400,F,9,84.790298,New York City
19400,F,10,84.419495,New York City
19400,F,11,84.944939,New York City
19400,F,12,85.305862,New York City
19400,F,13,85.206818,New York City
19400,F,14,85.319695,New York City
19400,F,15,86.077469,New York City
19400,F,16,86.233955,New York City
19400,F,17,86.697334,New York City
19400,F,18,87.00341,New York City
19400,F,19,88.353607,New York City
19400,F,20,88.804764,New York City
33100,F,1,80.988472,Dallas
33100,F,2,81.646782,Dallas
33100,F,3,82.403481,Dallas
33100,F,4,82.307922,Dallas
33100,F,5,82.662338,Dallas
33100,F,6,82.477371,Dallas
33100,F,7,83.558075,Dallas
33100,F,8,84.327431,Dallas
33100,F,9,83.167732,Dallas
33100,F,10,84.558014,Dallas
33100,F,11,85.344444,Dallas
33100,F,12,85.159454,Dallas
33100,F,13,85.717049,Dallas
33100,F,14,85.289139,Dallas
33100,F,15,85.90155,Dallas
33100,F,16,86.559326,Dallas
33100,F,17,87.218056,Dallas
33100,F,18,87.531776,Dallas
33100,F,19,88.37487,Dallas
33100,F,20,88.808701,Dallas
37800,F,1,82.735931,San Francisco
37800,F,2,83.308708,San Francisco
37800,F,3,82.884918,San Francisco
37800,F,4,83.329216,San Francisco
37800,F,5,82.742058,San Francisco
37800,F,6,83.033302,San Francisco
37800,F,7,83.617645,San Francisco
37800,F,8,83.798294,San Francisco
37800,F,9,84.681137,San Francisco
37800,F,10,83.818619,San Francisco
37800,F,11,84.459587,San Francisco
37800,F,12,84.78286,San Francisco
37800,F,13,85.081131,San Francisco
37800,F,14,85.191353,San Francisco
37800,F,15,85.345284,San Francisco
37800,F,16,85.710999,San Francisco
37800,F,17,85.91433,San Francisco
37800,F,18,87.090782,San Francisco
37800,F,19,87.634346,San Francisco
37800,F,20,88.277588,San Francisco
