statefips,statename,state,le_raceadj_q1
32,Nevada,NV,77.764435
18,Indiana,IN,77.772446
40,Oklahoma,OK,77.868378
26,Michigan,MI,78.289764
20,Kansas,KS,78.424591
21,Kentucky,KY,78.478333
39,Ohio,OH,78.49218
5,Arkansas,AR,78.537231
47,Tennessee,TN,78.590607
56,Wyoming,WY,78.601044
29,Missouri,MO,78.635506
10,Delaware,DE,78.676506
35,New Mexico,NM,78.726303
48,Texas,TX,78.739044
15,Hawaii,HI,78.79583
1,Alabama,AL,78.802071
54,West Virginia,WV,78.817383
42,Pennsylvania,PA,79.057266
22,Louisiana,LA,79.126648
55,Wisconsin,WI,79.180481
45,South Carolina,SC,79.192307
19,Iowa,IA,79.247314
24,Maryland,MD,79.248215
28,Mississippi,MS,79.248489
11,District of Columbia,DC,79.253059
13,Georgia,GA,79.284637
37,North Carolina,NC,79.360168
17,Illinois,IL,79.382538
51,Virginia,VA,79.421844
2,Alaska,AK,79.494171
4,Arizona,AZ,79.579468
31,Nebraska,NE,79.633911
33,New Hampshire,NH,79.670097
46,South Dakota,SD,79.956238
9,Connecticut,CT,79.972214
8,Colorado,CO,79.993576
44,Rhode Island,RI,79.99678
34,New Jersey,NJ,80.012634
12,Florida,FL,80.021904
53,Washington,WA,80.031906
27,Minnesota,MN,80.105286
38,North Dakota,ND,80.116364
49,Utah,UT,80.143822
41,Oregon,OR,80.228996
23,Maine,ME,80.45005
25,Massachusetts,MA,80.503838
16,Idaho,ID,80.529434
30,Montana,MT,80.598618
50,Vermont,VT,80.678024
36,New York,NY,80.814301
6,California,CA,80.839043
