statefips,statename,state,le_raceadj_q4
32,Nevada,NV,84.634247
15,Hawaii,HI,84.702942
40,Oklahoma,OK,85.63002
28,Mississippi,MS,85.684128
22,Louisiana,LA,85.755615
54,West Virginia,WV,85.780296
18,Indiana,IN,85.860725
1,Alabama,AL,85.861122
5,Arkansas,AR,85.879959
17,Illinois,IL,85.93541
48,Texas,TX,86.03685
6,California,CA,86.050789
21,Kentucky,KY,86.084648
34,New Jersey,NJ,86.101143
26,Michigan,MI,86.241913
47,Tennessee,TN,86.29422
29,Missouri,MO,86.317093
4,Arizona,AZ,86.332581
12,Florida,FL,86.33905
13,Georgia,GA,86.359467
2,Alaska,AK,86.372299
39,Ohio,OH,86.402634
35,New Mexico,NM,86.457947
10,Delaware,DE,86.476242
45,South Carolina,SC,86.495468
24,Maryland,MD,86.549301
20,Kansas,KS,86.559151
37,North Carolina,NC,86.649796
36,New York,NY,86.655991
42,Pennsylvania,PA,86.66922
56,Wyoming,WY,86.693985
31,Nebraska,NE,86.763809
55,Wisconsin,WI,86.764999
51,Virginia,VA,86.791229
53,Washington,WA,86.9114
41,Oregon,OR,86.916245
19,Iowa,IA,86.925934
33,New Hampshire,NH,86.941162
25,Massachusetts,MA,86.958786
44,Rhode Island,RI,87.002747
9,Connecticut,CT,87.062775
46,South Dakota,SD,87.222961
30,Montana,MT,87.318527
27,Minnesota,MN,87.342346
16,Idaho,ID,87.387939
23,Maine,ME,87.575104
38,North Dakota,ND,87.58873
8,Colorado,CO,87.596039
50,Vermont,VT,87.605873
11,District of Columbia,DC,87.613724
49,Utah,UT,87.952469
