statefips,statename,le_raceadj_tr_q1
2,Alaska,-.18116552
19,Iowa,-.17068505
56,Wyoming,-.09460476
12,Florida,-.074473545
40,Oklahoma,-.062403329
38,North Dakota,-.061677467
54,West Virginia,-.060922183
20,Kansas,-.032100283
31,Nebraska,-.029484197
47,Tennessee,-.013088394
27,Minnesota,.010701325
4,Arizona,.015663542
29,Missouri,.024732661
16,Idaho,.026462294
35,New Mexico,.02654238
48,Texas,.034479588
21,Kentucky,.036816675
55,Wisconsin,.037206411
28,Mississippi,.04297293
30,Montana,.043205112
49,Utah,.04762762
46,South Dakota,.048276186
11,District of Columbia,.053559262
42,Pennsylvania,.054840919
22,Louisiana,.056343473
26,Michigan,.064137779
41,Oregon,.070832849
5,Arkansas,.079833843
13,Georgia,.086240128
32,Nevada,.090043753
24,Maryland,.096535236
39,Ohio,.09838289
6,California,.09985745
33,New Hampshire,.10184744
50,Vermont,.10212538
17,Illinois,.10816837
1,Alabama,.1121066
8,Colorado,.11233187
37,North Carolina,.11354049
45,South Carolina,.11358973
18,Indiana,.11427565
53,Washington,.11869141
44,Rhode Island,.13755757
51,Virginia,.13832572
34,New Jersey,.1429041
9,Connecticut,.1623511
10,Delaware,.16832025
36,New York,.18565959
25,Massachusetts,.19435333
23,Maine,.21403463
15,Hawaii,.28377181
