"Southern gap - Male LE pooling Q1-Q4, NCHS data: coef",    -1.22
"Southern gap - Male LE pooling Q1-Q4, NCHS data: pval",    0.000
"Southern gap - Female LE pooling Q1-Q4, NCHS data: coef",    -0.62
"Southern gap - Female LE pooling Q1-Q4, NCHS data: pval",    0.006
"Southern gap - Male LE pooling Q1-Q4, NCHS data race-UNADJUSTED: coef",    -1.53
"Southern gap - Male LE pooling Q1-Q4, NCHS data race-UNADJUSTED: pval",    0.000
"Southern gap - Female LE pooling Q1-Q4, NCHS data race-UNADJUSTED: coef",    -0.99
"Southern gap - Female LE pooling Q1-Q4, NCHS data race-UNADJUSTED: pval",    0.001
"Southern gap - Male LE pooling $0 and Q1-Q4: coef",    -1.45
"Southern gap - Male LE pooling $0 and Q1-Q4: pval",    0.000
"Southern gap - Female LE pooling $0 and Q1-Q4: coef",    -0.78
"Southern gap - Female LE pooling $0 and Q1-Q4: pval",    0.001
"Southern gap - Male LE pooling pooling $0 and Q1-Q4 race-UNADJUSTED: coef",    -1.72
"Southern gap - Male LE pooling $0 and Q1-Q4 race-UNADJUSTED: pval",    0.000
"Southern gap - Female LE pooling pooling $0 and Q1-Q4 race-UNADJUSTED: coef",    -1.10
"Southern gap - Female LE pooling $0 and Q1-Q4 race-UNADJUSTED: pval",    0.001
"Southern gap - Male LE Q1: coef",    -0.96
"Southern gap - Male LE Q1: pval",     0.03
"Southern gap - Female LE Q1: coef",    -0.22
"Southern gap - Female LE Q1: pval",     0.46
