"Corr of Gini Index (Within Bottom 99%) with LE pooling all income quartiles: coef",    -0.36
"Corr of Gini Index (Within Bottom 99%) with LE pooling all income quartiles: pval",    0.002
"Corr of Income Segregation with Q4-Q1 diff in LE: coef",    -0.23
"Corr of Income Segregation with Q4-Q1 diff in LE: pval",     0.09
"Corr of Income Segregation with Q1 LE: coef",     0.26
"Corr of Income Segregation with Q1 LE: pval",    0.036
"Corr of Smoking Rate in Q1 with Q1 LE: coef",    -0.69
"Corr of Smoking Rate in Q1 with Q1 LE: pval",    0.000
"Corr of Obesity Rate in Q1 with Q1 LE: coef",    -0.47
"Corr of Obesity Rate in Q1 with Q1 LE: pval",    0.000
"Corr of Mean Household Income with Q1 LE: coef",     0.36
"Corr of Mean Household Income with Q1 LE: pval",    0.000
"Corr of % Immigrants with Q1 LE: coef",     0.72
"Corr of % Immigrants with Q1 LE: pval",    0.000
"Corr of % College Grads with Q1 LE: coef",     0.42
"Corr of % College Grads with Q1 LE: pval",    0.000
"Corr of Local Government Expenditures with Q1 LE: coef",     0.57
"Corr of Local Government Expenditures with Q1 LE: pval",    0.000
