"Difference in Q1 LE level between top and bottom CZ in 100 largest",     4.32
"Change in Q1 LE level from 2001-2014 in *top* CZ among 100 largest",     4.91
"Change in Q1 LE level from 2001-2014 in *bottom* CZ among 100 largest",    -2.18
"Change in Q1 LE level from 2001-2014 in Cincinnati, OH",     3.16
"Change in Q1 LE level from 2001-2014 in Birmingham, AL",     3.73
"Change in Q1 LE level from 2001-2014 in Tampa, FL",    -2.18
"Change in Q4-Q1 gap in LE level from 2001-2014 in *bottom* CZ among 100 largest (Tampa, FL)",     3.63
"Correlation between Q1 LE level and Q4-Q1 LE gap",    -0.82
"Correlation between Q1 LE level and Q4-Q1 LE gap: p-value = ",   0.0000
